TITULO,CODIGO INMUEBLE,ÁREA PRIVADA,ÁREA CONSTRUÍDA,PRECIO POR M²,ESTRATO,ANTIGUEDAD,HABITACIONES,BAÑOS,PARQUEADEROS,BARRIO,DIRECCIÓN,PRECIO
Apartamento en venta,7802171,0 m²,51.0m²,3039215,2,16 a 30 años,3,1,0,Engativá - Bogotá,Preguntar al anunciante,154999965
Apartaestudio en venta,7743515,0 m²,36.0m²,7777777,3,1 a 8 años,0,0,0,ENGATIVA - Bogotá,Preguntar al anunciante,279999972
Apartamento en venta,7834229,0 m²,44.0m²,4318181,3,16 a 30 años,3,2,0,ENGATIVA - Bogotá,Preguntar al anunciante,189999964
Apartamento en venta,7711987,0 m²,37.0m²,7567567,3,menor a 1 año,1,1,1,engativa - Bogotá,Calle 76a 90-50,279999979
Casa en venta,10040921,0 m²,128.0m²,1835937,2,9 a 15 años,4,3,1,El palmar - Bogotá,Carrera 120 # 64C - 15,234999936
Casa en venta,7584617,80 m²,127.0m²,3031496,2,16 a 30 años,5,2,0,engativa - Bogotá,Preguntar al anunciante,384999992
Casa en venta,7849146,0 m²,217.0m²,1612903,0,Sin información,5,3,0,Engativa mirador 2 - Bogotá,Carrera 119b 63a-75,349999951
Apartamento en venta,7986365,54 m²,54.0m²,5387037,3,1 a 8 años,2,2,1,Engativá - Bogotá,Preguntar al anunciante,290899998
Casa en venta,10066114,190 m²,192.0m²,2500000,2,9 a 15 años,4,5,0,Tortigua - Bogotá,Carrera 125A # 64 - 4,480000000
Apartamento en venta,7700261,166 m²,166.0m²,9638554,6,1 a 8 años,3,5,2,engativa - Bogotá,Preguntar al anunciante,1599999964
Apartamento en venta,7781063,53 m²,59.0m²,4152542,4,más de 30 años,3,2,1,ENGATIVA - Bogotá,Preguntar al anunciante,244999978
Apartamento en venta,7870854,50 m²,53.0m²,3207547,2,9 a 15 años,3,2,0,Villa teresita - Bogotá,Preguntar al anunciante,169999991
Casa en venta,7461468,0 m²,80.41m²,3171247,2,1 a 8 años,3,3,0,Villa teresita - Bogotá,Preguntar al anunciante,254999971
Apartamento en venta,7309404,48 m²,48.0m²,3125000,2,Sin información,2,1,0,Engativá - Bogotá,Preguntar al anunciante,150000000
Apartamento en venta,7869156,50 m²,50.0m²,3420000,2,9 a 15 años,3,2,0,Engativá - Bogotá,Preguntar al anunciante,171000000
Apartamento en venta,7797949,0 m²,55.0m²,6181818,3,1 a 8 años,2,2,1,Engativá - Bogotá,Preguntar al anunciante,339999990
Apartamento en venta,6795604,58 m²,64.0m²,3281250,3,16 a 30 años,3,1,0,Engativá - Bogotá,Preguntar al anunciante,210000000
Apartamento en venta,7647129,62 m²,62.0m²,4838709,3,más de 30 años,3,2,1,Engativá - Bogotá,Preguntar al anunciante,299999958
Apartamento en venta,7554274,0 m²,61.0m²,3557377,3,más de 30 años,3,2,0,Engativá - Bogotá,Preguntar al anunciante,216999997
Apartamento en venta,5701905,51 m²,51.0m²,3039215,3,1 a 8 años,3,2,0,Engativá - Bogotá,Preguntar al anunciante,154999965
Apartamento en venta,7009007,0 m²,59.0m²,4152542,4,1 a 8 años,3,2,1,Engativá - Bogotá,Preguntar al anunciante,244999978
Apartamento en venta,7817287,59 m²,59.0m²,4067796,3,9 a 15 años,2,2,1,Engativá - Bogotá,Preguntar al anunciante,239999964
Apartaestudio en venta,7764429,39 m²,39.0m²,6794871,3,menor a 1 año,1,1,1,Engativá - Bogotá,Preguntar al anunciante,264999969
Casa en venta,7765761,155 m²,155.0m²,2129032,2,16 a 30 años,6,3,1,Engativá - Bogotá,calle 66b # 122a-09,329999960
Apartamento en venta,7797166,38 m²,42.0m²,3761904,2,9 a 15 años,2,2,0,Engativá - Bogotá,CRA 116B 70A 54,157999968
Apartamento en venta,8022799,0 m²,56.0m²,5535714,3,1 a 8 años,3,2,1,Engativá - Bogotá,Preguntar al anunciante,309999984
Apartamento en venta,7763099,0 m²,36.0m²,7444444,3,menor a 1 año,1,1,1,Engativá - Bogotá,Preguntar al anunciante,267999984
Apartamento en venta,7967258,47 m²,47.0m²,3404255,2,16 a 30 años,2,1,0,Engativá - Bogotá,Preguntar al anunciante,159999985
Apartamento en venta,8024489,87 m²,87.0m²,5287356,4,16 a 30 años,3,2,1,Engativá - Bogotá,Preguntar al anunciante,459999972
Casa en venta,7526287,137 m²,137.0m²,3357664,3,más de 30 años,5,3,2,Engativá - Bogotá,Preguntar al anunciante,459999968
Casa en venta,7997126,81 m²,81.0m²,3456790,3,más de 30 años,4,2,1,Engativá - Bogotá,Preguntar al anunciante,279999990
Apartamento en venta,7751597,50 m²,50.0m²,6200000,3,1 a 8 años,2,2,1,Engativá - Bogotá,Engativá,310000000
Casa en venta,7931209,459 m²,459.0m²,1307189,3,más de 30 años,10,6,0,Engativá - Bogotá,Preguntar al anunciante,599999751
Apartaestudio en venta,7929825,35 m²,35.0m²,5285714,3,menor a 1 año,1,1,0,Engativá - Bogotá,Preguntar al anunciante,184999990
Casa en venta,7960340,82 m²,249.0m²,2008032,2,9 a 15 años,9,7,0,Engativá - Bogotá,Preguntar al anunciante,499999968
Apartamento en venta,7789010,80 m²,80.0m²,3250000,3,1 a 8 años,4,2,1,Engativá - Bogotá,AVENIDA ARRERA 86  87-33,260000000
Casa en venta,7740271,0 m²,252.0m²,1865079,2,16 a 30 años,12,5,1,Engativá - Bogotá,Calle 63 K 118 A 54,469999908
Casa en venta,7953427,0 m²,147.0m²,3265306,3,más de 30 años,4,3,2,Engativá - Bogotá,Preguntar al anunciante,479999982
Casa en venta,7457363,173 m²,173.0m²,3179190,3,más de 30 años,5,4,2,Engativá - Bogotá,Preguntar al anunciante,549999870
Casa en venta,7739198,0 m²,70.0m²,11857142,3,16 a 30 años,7,5,1,Engativá - Bogotá,Preguntar al anunciante,829999940
Casa en venta,8013082,192 m²,192.0m²,1979166,3,16 a 30 años,7,4,0,Engativá - Bogotá,Preguntar al anunciante,379999872
Casa en venta,8013789,63 m²,63.0m²,2793650,2,16 a 30 años,4,2,0,Engativá - Bogotá,Preguntar al anunciante,175999950
Casa en venta,7612034,0 m²,104.0m²,2788461,2,Sin información,2,2,0,Engativá - Bogotá,Preguntar al anunciante,289999944
Casa en venta,8012277,0 m²,57.0m²,3668421,2,9 a 15 años,2,1,0,Engativá - Bogotá,Preguntar al anunciante,209099997
Casa en venta,8012537,480 m²,480.0m²,2062500,3,más de 30 años,8,6,2,Engativá - Bogotá,Preguntar al anunciante,990000000
Casa en venta,8011890,63 m²,63.0m²,2825396,2,16 a 30 años,3,2,0,Engativá - Bogotá,Preguntar al anunciante,177999948
Casa en venta,8012096,68 m²,68.0m²,3897058,3,16 a 30 años,3,2,0,Engativá - Bogotá,Preguntar al anunciante,264999944
Apartamento en venta,7798163,47 m²,47.0m²,3297872,2,9 a 15 años,2,1,0,Engativá - Bogotá,Preguntar al anunciante,154999984
Casa en venta,7791724,0 m²,156.0m²,2628205,3,16 a 30 años,3,1,0,Engativá - Bogotá,Cll 65 111-50,409999980
Casa en venta,7843447,63 m²,64.0m²,2890625,2,16 a 30 años,4,2,1,Engativá - Bogotá,trv 113c No 64c-30 casa 26,185000000
Casa en venta,7977097,180 m²,180.0m²,2027777,2,16 a 30 años,6,2,0,Engativá - Bogotá,Preguntar al anunciante,364999860
Apartamento en venta,7964290,0 m²,52.0m²,3576923,3,16 a 30 años,2,1,0,Engativá - Bogotá,Preguntar al anunciante,185999996
Apartamento en venta,7963843,40 m²,45.0m²,5000000,2,1 a 8 años,2,1,0,Engativá - Bogotá,Preguntar al anunciante,225000000
Casa en venta,6722876,189 m²,210.0m²,2428571,3,Sin información,4,2,1,Engativá - Bogotá,Preguntar al anunciante,509999910
Casa en venta,7934971,216 m²,216.0m²,2175925,2,16 a 30 años,9,5,1,Engativá - Bogotá,Preguntar al anunciante,469999800
Casa en venta,7828341,0 m²,330.0m²,4090909,4,más de 30 años,8,6,4,Engativá - Bogotá,Preguntar al anunciante,1349999970
Casa en venta,6041109,0 m²,210.0m²,2133333,3,16 a 30 años,4,3,0,Engativá - Bogotá,Preguntar al anunciante,447999930
Casa en venta,7712753,99 m²,99.0m²,2616161,3,16 a 30 años,4,2,1,Engativá - Bogotá,Preguntar al anunciante,258999939
Apartamento en venta,7850702,39 m²,49.0m²,3265306,2,9 a 15 años,3,1,0,Engativá - Bogotá,calle 66113C-45,159999994
Casa en venta,7682856,116 m²,116.0m²,2155172,2,16 a 30 años,4,2,0,Engativá - Bogotá,transversal 113 C No. 64 d 30 ,249999952
Casa en venta,7334919,224 m²,224.0m²,1495535,2,9 a 15 años,5,3,1,Engativá - Bogotá,Preguntar al anunciante,334999840
Casa en venta,3440576,44 m²,126.0m²,3571428,2,16 a 30 años,4,4,1,ENGATIVA - Bogotá,Preguntar al anunciante,449999928
Apartamento en venta,7258397,0 m²,70.0m²,4428571,4,1 a 8 años,3,2,1,Engativá - Bogotá,Preguntar al anunciante,309999970
Apartamento en venta,7751712,0 m²,47.0m²,5319148,4,9 a 15 años,3,2,1,Engativá - Bogotá,Preguntar al anunciante,249999956
Apartamento en venta,7986192,47 m²,47.0m²,3829787,3,16 a 30 años,3,1,0,Engativá - Bogotá,Preguntar al anunciante,179999989
Casa en venta,7638689,290 m²,290.0m²,2000000,2,16 a 30 años,15,8,1,Engativá - Bogotá,Preguntar al anunciante,580000000
Casa en venta,6954824,144 m²,144.0m²,2430555,2,9 a 15 años,3,2,2,Engativá - Bogotá,Preguntar al anunciante,349999920
Apartamento en venta,8006715,40 m²,46.0m²,4782608,2,1 a 8 años,2,1,0,Engativá - Bogotá,Preguntar al anunciante,219999968
Casa en venta,7866782,220 m²,240.0m²,1875000,2,más de 30 años,8,4,2,Engativá - Bogotá,Preguntar al anunciante,450000000
Apartamento en venta,8013316,65 m²,65.0m²,4292307,4,9 a 15 años,3,2,1,Engativá - Bogotá,Preguntar al anunciante,278999955
Apartamento en venta,8016238,33 m²,32.0m²,4687500,2,1 a 8 años,2,1,0,Engativá - Bogotá,Preguntar al anunciante,150000000
Apartamento en venta,8015835,47 m²,47.0m²,3361702,2,9 a 15 años,2,1,0,Engativá - Bogotá,Preguntar al anunciante,157999994
Apartamento en venta,8016340,64 m²,64.0m²,3437500,3,16 a 30 años,3,2,1,Engativá - Bogotá,Preguntar al anunciante,220000000
Apartamento en venta,7990617,66 m²,66.0m²,2712121,2,1 a 8 años,3,2,0,Engativá - Bogotá,Preguntar al anunciante,178999986
Casa en venta,7154196,264 m²,264.0m²,1325757,2,16 a 30 años,12,4,1,Engativá - Bogotá,Preguntar al anunciante,349999848
Apartamento en venta,8012869,93 m²,93.0m²,4591397,4,1 a 8 años,3,2,1,Engativá - Bogotá,Preguntar al anunciante,426999921
Apartamento en venta,7899412,45 m²,48.0m²,3125000,2,9 a 15 años,3,2,0,Engativá - Bogotá,Preguntar al anunciante,150000000
Apartamento en venta,7580862,0 m²,59.0m²,3728813,3,más de 30 años,3,1,0,Engativá - Bogotá,Preguntar al anunciante,219999967
Apartamento en venta,7424499,0 m²,84.0m²,4583333,4,16 a 30 años,3,2,1,Engativá - Bogotá,Preguntar al anunciante,384999972
Apartamento en venta,7444356,0 m²,29.0m²,5344827,3,más de 30 años,1,1,0,Engativá - Bogotá,Preguntar al anunciante,154999983
Casa en venta,7409269,0 m²,36.0m²,8055555,2,9 a 15 años,3,2,1,Engativá - Bogotá,Preguntar al anunciante,289999980
Apartamento en venta,7269150,0 m²,42.0m²,5952380,3,16 a 30 años,2,1,0,Engativá - Bogotá,Preguntar al anunciante,249999960
Apartamento en venta,7311904,0 m²,55.0m²,3454545,3,16 a 30 años,3,1,0,Engativá - Bogotá,Preguntar al anunciante,189999975
Casa en venta,7316242,0 m²,178.0m²,3033707,3,más de 30 años,4,3,2,Engativá - Bogotá,Preguntar al anunciante,539999846
Casa en venta,7268620,0 m²,199.0m²,3015075,3,16 a 30 años,4,3,1,Engativá - Bogotá,Preguntar al anunciante,599999925
Casa en venta,7065147,0 m²,165.0m²,2848484,4,más de 30 años,7,3,4,Engativá - Bogotá,Preguntar al anunciante,469999860
Apartamento en venta,7026736,0 m²,60.0m²,5000000,4,9 a 15 años,3,2,1,Engativá - Bogotá,Preguntar al anunciante,300000000
Apartamento en venta,7062577,0 m²,68.0m²,4264705,3,9 a 15 años,3,2,0,Engativá - Bogotá,Preguntar al anunciante,289999940
Apartamento en venta,7269149,0 m²,60.0m²,4166666,3,16 a 30 años,2,1,0,Engativá - Bogotá,Preguntar al anunciante,249999960
Casa en venta,6823234,0 m²,221.0m²,2352941,3,Sin información,6,3,3,Engativá - Bogotá,Preguntar al anunciante,519999961
Casa en venta,7095956,0 m²,250.0m²,4000000,4,Sin información,4,3,5,Engativá - Bogotá,Preguntar al anunciante,1000000000
Apartamento en venta,6614727,0 m²,86.0m²,3255813,4,Sin información,3,2,0,Engativá - Bogotá,Preguntar al anunciante,279999918
Apartamento en venta,7870854,50 m²,53.0m²,3207547,2,9 a 15 años,3,2,0,Villa teresita - Bogotá,Preguntar al anunciante,169999991
Casa en venta,7461468,0 m²,80.41m²,3171247,2,1 a 8 años,3,3,0,Villa teresita - Bogotá,Preguntar al anunciante,254999971
Apartamento en venta,7700261,166 m²,166.0m²,9638554,6,1 a 8 años,3,5,2,engativa - Bogotá,Preguntar al anunciante,1599999964
Apartamento en venta,10035716,0 m²,49.0m²,3673469,3,1 a 8 años,3,2,0,El palmar - Bogotá,Carrera 116B # 66 - 57,179999981
Apartamento en venta,10026513,53 m²,53.0m²,3018867,2,9 a 15 años,3,2,1,Centro engativa - Bogotá,KR 116B # 70A - 77,159999951
Apartamento en venta,7612438,40 m²,43.0m²,3372093,2,1 a 8 años,3,1,0,Centro engativa - Bogotá,Preguntar al anunciante,144999999
Apartamento en venta,7312927,0 m²,58.0m²,4310344,3,16 a 30 años,3,2,0,Engativá - Bogotá,Preguntar al anunciante,249999952
Apartamento en venta,7564474,0 m²,71.0m²,3239436,3,9 a 15 años,4,2,0,Engativá - Bogotá,Preguntar al anunciante,229999956
Casa en venta,7277931,0 m²,240.0m²,1875000,3,más de 30 años,8,4,1,Engativá - Bogotá,Preguntar al anunciante,450000000
Apartamento en venta,8022812,0 m²,69.0m²,4782608,4,1 a 8 años,3,2,1,Engativá - Bogotá,Preguntar al anunciante,329999952
Casa en venta,7124474,0 m²,79.0m²,2911392,3,16 a 30 años,2,1,0,Engativá - Bogotá,Preguntar al anunciante,229999968
Apartamento en venta,7231973,55 m²,58.0m²,3103448,2,1 a 8 años,3,2,0,Engativá - Bogotá,Preguntar al anunciante,179999984
Apartamento en venta,7532038,43 m²,43.0m²,3372093,2,9 a 15 años,2,1,0,Engativá - Bogotá,Preguntar al anunciante,144999999
Apartamento en venta,7773024,61 m²,61.0m²,4180327,3,más de 30 años,3,1,0,Engativá - Bogotá,Preguntar al anunciante,254999947
Apartamento en venta,7554147,0 m²,60.0m²,4116666,3,más de 30 años,3,2,1,Engativá - Bogotá,Preguntar al anunciante,246999960
Apartamento en venta,7201892,52 m²,52.0m²,3365384,3,16 a 30 años,3,1,0,Engativá - Bogotá,Preguntar al anunciante,174999968
Apartamento en venta,7921831,74 m²,74.0m²,3918918,3,más de 30 años,3,2,1,Engativá - Bogotá,Preguntar al anunciante,289999932
Apartamento en venta,7884622,51 m²,51.0m²,3039215,2,16 a 30 años,3,1,0,Engativá - Bogotá,Preguntar al anunciante,154999965
Apartamento en venta,7782875,49 m²,49.0m²,5565306,4,1 a 8 años,2,2,1,Engativá - Bogotá,Preguntar al anunciante,272699994
Apartamento en venta,7886517,0 m²,44.54m²,4265828,3,9 a 15 años,3,2,0,Engativá - Bogotá,Preguntar al anunciante,189999979
Apartamento en venta,7887402,58 m²,60.0m²,3500000,3,más de 30 años,3,1,1,Engativá - Bogotá,Preguntar al anunciante,210000000
Apartamento en venta,7618613,49 m²,66.0m²,2500000,2,1 a 8 años,3,2,0,Engativá - Bogotá,Preguntar al anunciante,165000000
Apartamento en venta,7866461,0 m²,66.26m²,4980380,4,1 a 8 años,3,2,1,Engativá - Bogotá,Preguntar al anunciante,329999978
Apartamento en venta,7794557,44 m²,44.0m²,4545454,3,16 a 30 años,3,2,0,Engativá - Bogotá,Preguntar al anunciante,199999976
Apartamento en venta,7796171,0 m²,42.0m²,3252857,2,16 a 30 años,2,1,0,Engativá - Bogotá,Preguntar al anunciante,136619994
Casa en venta,7726229,320 m²,328.65m²,1277955,2,16 a 30 años,8,5,1,Engativá - Bogotá,Preguntar al anunciante,419999910
Apartamento en venta,7347468,77 m²,77.0m²,4675324,4,1 a 8 años,3,2,1,Engativá - Bogotá,Preguntar al anunciante,359999948
Apartamento en venta,7919483,64 m²,64.0m²,3750000,3,1 a 8 años,3,2,1,Engativá - Bogotá,Preguntar al anunciante,240000000
Casa en venta,7764100,110 m²,110.0m²,2363636,2,9 a 15 años,3,3,1,Engativá - Bogotá,carrera 120B # 63A-26,259999960
Casa en venta,7738828,161 m²,165.0m²,3030303,3,más de 30 años,5,2,0,Engativá - Bogotá,CALLE 77  69Q 12,499999995
Casa en venta,7737397,91 m²,91.0m²,6043956,2,16 a 30 años,0,1,1,Engativá - Bogotá,Transversal 113 F # 64 A - 21,549999996
Casa en venta,7291604,0 m²,220.0m²,2681818,3,Sin información,8,3,1,Engativá - Bogotá,Preguntar al anunciante,589999960
Casa en venta,8025879,0 m²,92.0m²,4130434,3,más de 30 años,3,3,1,Engativá - Bogotá,Preguntar al anunciante,379999928
Apartamento en venta,8022852,0 m²,47.0m²,3723404,3,Sin información,0,1,0,Engativá - Bogotá,Preguntar al anunciante,174999988
Casa en venta,7962207,79 m²,250.0m²,800000,3,1 a 8 años,3,2,1,Engativá - Bogotá,Preguntar al anunciante,200000000
Casa en venta,7677269,154 m²,154.0m²,1688311,2,9 a 15 años,6,3,0,Engativá - Bogotá,calle66b #125-63,259999894
Apartaestudio en venta,6546810,37 m²,40.0m²,3250000,3,menor a 1 año,1,1,0,Engativá - Bogotá,Preguntar al anunciante,130000000
Apartamento en venta,7508704,0 m²,63.0m²,4126984,3,más de 30 años,3,2,1,Engativá - Bogotá,Preguntar al anunciante,259999992
Casa en venta,7804586,104 m²,104.0m²,4326923,3,16 a 30 años,3,3,3,Engativá - Bogotá,Preguntar al anunciante,449999992
Casa en venta,6757055,0 m²,63.25m²,6007905,2,16 a 30 años,9,4,0,Engativá - Bogotá,Preguntar al anunciante,379999991
Casa en venta,7977110,0 m²,370.0m²,1324324,3,16 a 30 años,8,6,2,Engativá - Bogotá,Preguntar al anunciante,489999880
Apartamento en venta,7995390,40 m²,40.0m²,4750000,3,1 a 8 años,2,1,0,Engativá - Bogotá,Preguntar al anunciante,190000000
Apartamento en venta,7957669,0 m²,66.0m²,2712121,2,1 a 8 años,3,2,0,Engativá - Bogotá,Preguntar al anunciante,178999986
Casa en venta,6943510,252 m²,252.0m²,2301587,2,más de 30 años,6,3,0,Engativá - Bogotá,Preguntar al anunciante,579999924
Casa en venta,7573679,123 m²,75.0m²,5600000,3,16 a 30 años,3,1,1,Engativá - Bogotá,Preguntar al anunciante,420000000
Apartamento en venta,7894143,0 m²,68.0m²,4705882,4,16 a 30 años,3,2,1,Engativá - Bogotá,Preguntar al anunciante,319999976
Casa en venta,7554459,0 m²,65.0m²,3476923,3,16 a 30 años,3,2,0,Engativá - Bogotá,Preguntar al anunciante,225999995
Apartamento en venta,7563678,0 m²,38.0m²,3947368,2,9 a 15 años,3,1,0,Engativá - Bogotá,Preguntar al anunciante,149999984
Casa en venta,7724940,60 m²,131.4m²,1902587,2,9 a 15 años,5,2,1,Engativá - Bogotá,Preguntar al anunciante,249999931
Casa en venta,7871056,76 m²,82.0m²,2073170,2,9 a 15 años,4,2,0,Engativá - Bogotá,Preguntar al anunciante,169999940
Casa en venta,7244662,0 m²,180.0m²,3444444,3,más de 30 años,4,4,1,Engativá - Bogotá,Preguntar al anunciante,619999920
Casa en venta,7290776,144 m²,144.0m²,3263888,3,Sin información,4,3,0,Engativá - Bogotá,Preguntar al anunciante,469999872
Apartamento en venta,7798610,42 m²,42.0m²,3285714,2,16 a 30 años,2,1,0,Engativá - Bogotá,Preguntar al anunciante,137999988
Casa en venta,8012072,72 m²,72.0m²,4583333,3,16 a 30 años,4,2,1,Engativá - Bogotá,Preguntar al anunciante,329999976
Casa en venta,6797865,266 m²,266.0m²,1691729,2,más de 30 años,6,3,1,Engativá - Bogotá,Preguntar al anunciante,449999914
Casa en venta,7334919,224 m²,224.0m²,1495535,2,9 a 15 años,5,3,1,Engativá - Bogotá,Preguntar al anunciante,334999840
Casa en venta,7638689,290 m²,290.0m²,2000000,2,16 a 30 años,15,8,1,Engativá - Bogotá,Preguntar al anunciante,580000000
Apartamento en venta,7751712,0 m²,47.0m²,5319148,4,9 a 15 años,3,2,1,Engativá - Bogotá,Preguntar al anunciante,249999956
Apartamento en venta,7986192,47 m²,47.0m²,3829787,3,16 a 30 años,3,1,0,Engativá - Bogotá,Preguntar al anunciante,179999989
Casa en venta,7866782,220 m²,240.0m²,1875000,2,más de 30 años,8,4,2,Engativá - Bogotá,Preguntar al anunciante,450000000
Casa en venta,6954824,144 m²,144.0m²,2430555,2,9 a 15 años,3,2,2,Engativá - Bogotá,Preguntar al anunciante,349999920
Casa en venta,7695140,0 m²,100.0m²,3500000,3,más de 30 años,4,2,1,Engativá - Bogotá,Preguntar al anunciante,350000000
Apartamento en venta,8006715,40 m²,46.0m²,4782608,2,1 a 8 años,2,1,0,Engativá - Bogotá,Preguntar al anunciante,219999968
Apartamento en venta,8013316,65 m²,65.0m²,4292307,4,9 a 15 años,3,2,1,Engativá - Bogotá,Preguntar al anunciante,278999955
Apartamento en venta,8015835,47 m²,47.0m²,3361702,2,9 a 15 años,2,1,0,Engativá - Bogotá,Preguntar al anunciante,157999994
Apartamento en venta,8016340,64 m²,64.0m²,3437500,3,16 a 30 años,3,2,1,Engativá - Bogotá,Preguntar al anunciante,220000000
Apartamento en venta,8016238,33 m²,32.0m²,4687500,2,1 a 8 años,2,1,0,Engativá - Bogotá,Preguntar al anunciante,150000000
Apartamento en venta,7745146,0 m²,50.0m²,3460000,3,1 a 8 años,3,2,0,Engativá - Bogotá,Preguntar al anunciante,173000000
Apartamento en venta,7842599,66 m²,71.0m²,4084507,3,1 a 8 años,2,2,1,Engativá - Bogotá,Preguntar al anunciante,289999997
Apartamento en venta,7523346,0 m²,52.0m²,3750000,3,9 a 15 años,3,2,0,Engativá - Bogotá,Preguntar al anunciante,195000000
Apartamento en venta,7544993,0 m²,48.0m²,3229166,2,9 a 15 años,3,2,0,Engativá - Bogotá,Preguntar al anunciante,154999968
Casa en venta,7268619,0 m²,82.0m²,3536585,3,más de 30 años,3,2,1,Engativá - Bogotá,Preguntar al anunciante,289999970
Casa en venta,7221782,0 m²,94.0m²,3989361,3,Sin información,3,3,0,Engativá - Bogotá,Preguntar al anunciante,374999934
Apartamento en venta,7269151,0 m²,42.0m²,5952380,3,16 a 30 años,2,1,0,Engativá - Bogotá,Preguntar al anunciante,249999960
Casa en venta,6936747,0 m²,192.0m²,2343750,3,más de 30 años,10,3,0,Engativá - Bogotá,Preguntar al anunciante,450000000
Apartamento en venta,6292617,0 m²,74.0m²,4121621,3,Sin información,3,2,1,Engativá - Bogotá,Preguntar al anunciante,304999954
Apartamento en venta,6499290,0 m²,84.0m²,3869047,3,Sin información,3,2,1,Engativá - Bogotá,Preguntar al anunciante,324999948
Casa en venta,7269118,0 m²,616.0m²,2435064,3,16 a 30 años,11,8,2,Engativá - Bogotá,Preguntar al anunciante,1499999424
Apartamento en venta,7312927,0 m²,58.0m²,4310344,3,16 a 30 años,3,2,0,Engativá - Bogotá,Preguntar al anunciante,249999952
Casa en venta,7287789,0 m²,200.0m²,3400000,4,16 a 30 años,4,5,4,Engativá - Bogotá,Preguntar al anunciante,680000000
Apartamento en venta,7409519,0 m²,71.0m²,4225352,4,Sin información,3,2,1,Engativá - Bogotá,Preguntar al anunciante,299999992
Apartamento en venta,7564474,0 m²,71.0m²,3239436,3,9 a 15 años,4,2,0,Engativá - Bogotá,Preguntar al anunciante,229999956
Casa en venta,7277931,0 m²,240.0m²,1875000,3,más de 30 años,8,4,1,Engativá - Bogotá,Preguntar al anunciante,450000000
Apartamento en venta,7409553,0 m²,80.0m²,4000000,4,9 a 15 años,3,2,1,Engativá - Bogotá,Preguntar al anunciante,320000000
Casa en venta,7506129,0 m²,146.0m²,3287671,3,más de 30 años,4,4,0,Engativá - Bogotá,Preguntar al anunciante,479999966
Apartamento en venta,7034844,0 m²,99.0m²,6060606,4,9 a 15 años,3,2,2,Engativá - Bogotá,Preguntar al anunciante,599999994
Apartamento en venta,6994863,0 m²,40.0m²,4500000,2,9 a 15 años,3,1,0,Engativá - Bogotá,Preguntar al anunciante,180000000
Apartamento en venta,6292617,0 m²,74.0m²,4121621,3,Sin información,3,2,1,Engativá - Bogotá,Preguntar al anunciante,304999954
Casa en venta,6184074,0 m²,100.0m²,3100000,3,Sin información,3,3,2,Engativá - Bogotá,Preguntar al anunciante,310000000
Apartamento en venta,7024982,0 m²,56.0m²,3392857,3,más de 30 años,3,1,0,Engativá - Bogotá,Preguntar al anunciante,189999992
Casa en venta,7105445,0 m²,89.0m²,3539325,3,más de 30 años,3,1,0,Engativá - Bogotá,Preguntar al anunciante,314999925
Casa en venta,7210913,0 m²,400.0m²,1625000,4,Sin información,3,2,0,Engativá - Bogotá,Preguntar al anunciante,650000000
Apartamento en venta,7126417,0 m²,68.0m²,3676470,3,Sin información,3,2,0,Engativá - Bogotá,Preguntar al anunciante,249999960
Apartamento en venta,8022812,0 m²,69.0m²,4782608,4,1 a 8 años,3,2,1,Engativá - Bogotá,Preguntar al anunciante,329999952
Casa en venta,7124474,0 m²,79.0m²,2911392,3,16 a 30 años,2,1,0,Engativá - Bogotá,Preguntar al anunciante,229999968
Apartamento en venta,8023603,50 m²,50.0m²,3420000,2,9 a 15 años,3,2,0,Engativa - Bogotá,Preguntar al anunciante,171000000
Casa en venta,7953617,66 m²,66.0m²,6818181,3,más de 30 años,3,2,0,engativa - Bogotá,Preguntar al anunciante,449999946
Casa en venta,7096133,95 m²,95.0m²,3578947,3,más de 30 años,4,2,0,engativa - Bogotá,Preguntar al anunciante,339999965
Apartamento en venta,10052027,0 m²,51.0m²,3137254,2,9 a 15 años,3,2,1,Centro engativa - Bogotá,Carrera 116B # 70A - 54,159999954
Apartamento en venta,10072474,0 m²,48.0m²,3125000,2,9 a 15 años,3,1,0,Centro engativa - Bogotá,Carrera 116B # 70A - 54,150000000
Casa en venta,10045875,0 m²,95.0m²,2789473,2,9 a 15 años,4,2,0,El palmar - Bogotá,Carrera 121 # 63J - 12,264999935
Apartamento en venta,10046227,0 m²,52.0m²,3173076,2,9 a 15 años,3,1,0,Centro engativa - Bogotá,Carrera 116A # 70A - 76,164999952
Apartamento en venta,10040282,0 m²,47.0m²,3191489,2,1 a 8 años,3,2,0,Centro engativa - Bogotá,Carrera 116A # 70A - 76,149999983
Casa en venta,6944348,0 m²,72.0m²,3472222,3,1 a 8 años,3,3,0,Engativá - Bogotá,Preguntar al anunciante,249999984
Casa en venta,7087129,0 m²,126.0m²,2222222,3,Sin información,4,3,0,Engativá - Bogotá,Preguntar al anunciante,279999972
Apartamento en venta,7646844,40 m²,46.0m²,3478260,2,menor a 1 año,2,1,0,Engativá - Bogotá,Preguntar al anunciante,159999960
Apartamento en venta,7041362,38 m²,38.0m²,5263157,3,9 a 15 años,3,1,1,Engativá - Bogotá,Preguntar al anunciante,199999966
Apartamento en venta,7456716,0 m²,70.0m²,2771428,3,9 a 15 años,3,3,0,Engativá - Bogotá,Preguntar al anunciante,193999960
Apartamento en venta,7555526,0 m²,56.0m²,3214285,3,16 a 30 años,2,2,0,Engativá - Bogotá,Preguntar al anunciante,179999960
Apartamento en venta,7836658,0 m²,62.0m²,3838709,3,más de 30 años,2,2,1,Engativá - Bogotá,Preguntar al anunciante,237999958
Apartamento en venta,7745135,0 m²,67.0m²,3805970,4,9 a 15 años,3,2,1,Engativá - Bogotá,Preguntar al anunciante,254999990
Apartamento en venta,7792418,40 m²,43.7m²,3432494,2,1 a 8 años,3,2,0,Engativá - Bogotá,Preguntar al anunciante,149999987
Casa en venta,7533333,0 m²,60.0m²,5000000,3,16 a 30 años,3,2,0,Engativá - Bogotá,Preguntar al anunciante,300000000
Casa en venta,7595380,0 m²,90.0m²,6666666,4,Sin información,0,0,0,Engativá - Bogotá,Cerca a Diver plaza,599999940
Apartamento en venta,7700045,0 m²,44.0m²,3409090,2,9 a 15 años,3,1,0,Engativá - Bogotá,Transversal 112 C  64D - 15,149999960
Apartamento en venta,7485909,134 m²,134.0m²,5820895,4,16 a 30 años,3,3,2,Engativá - Bogotá,Preguntar al anunciante,779999930
Casa en venta,7931209,459 m²,459.0m²,1307189,3,más de 30 años,10,6,0,Engativá - Bogotá,Preguntar al anunciante,599999751
Apartaestudio en venta,7929825,35 m²,35.0m²,5285714,3,menor a 1 año,1,1,0,Engativá - Bogotá,Preguntar al anunciante,184999990
Casa en venta,7960340,82 m²,249.0m²,2008032,2,9 a 15 años,9,7,0,Engativá - Bogotá,Preguntar al anunciante,499999968
Casa en venta,7997126,81 m²,81.0m²,3456790,3,más de 30 años,4,2,1,Engativá - Bogotá,Preguntar al anunciante,279999990
Apartamento en venta,7751597,50 m²,50.0m²,6200000,3,1 a 8 años,2,2,1,Engativá - Bogotá,Engativá,310000000
Apartamento en venta,7948263,63 m²,63.0m²,4444444,3,9 a 15 años,3,2,1,Engativá - Bogotá,Preguntar al anunciante,279999972
Apartamento en venta,7335255,0 m²,75.0m²,5513333,4,1 a 8 años,3,2,1,Engativá - Bogotá,Preguntar al anunciante,413499975
Casa en venta,7526287,137 m²,137.0m²,3357664,3,más de 30 años,5,3,2,Engativá - Bogotá,Preguntar al anunciante,459999968
Casa en venta,7457363,173 m²,173.0m²,3179190,3,más de 30 años,5,4,2,Engativá - Bogotá,Preguntar al anunciante,549999870
Apartamento en venta,7789010,80 m²,80.0m²,3250000,3,1 a 8 años,4,2,1,Engativá - Bogotá,AVENIDA ARRERA 86  87-33,260000000
Apartamento en venta,7763099,0 m²,36.0m²,7444444,3,menor a 1 año,1,1,1,Engativá - Bogotá,Preguntar al anunciante,267999984
Casa en venta,7953427,0 m²,147.0m²,3265306,3,más de 30 años,4,3,2,Engativá - Bogotá,Preguntar al anunciante,479999982
Casa en venta,7740271,0 m²,252.0m²,1865079,2,16 a 30 años,12,5,1,Engativá - Bogotá,Calle 63 K 118 A 54,469999908
Apartamento en venta,8022799,0 m²,56.0m²,5535714,3,1 a 8 años,3,2,1,Engativá - Bogotá,Preguntar al anunciante,309999984
Casa en venta,5145286,299 m²,299.0m²,1939799,3,1 a 8 años,7,5,2,Engativá - Bogotá,Preguntar al anunciante,579999901
Casa en venta,6854932,386 m²,400.0m²,1640000,2,16 a 30 años,3,2,0,Engativá - Bogotá,Preguntar al anunciante,656000000
Apartamento en venta,7798163,47 m²,47.0m²,3297872,2,9 a 15 años,2,1,0,Engativá - Bogotá,Preguntar al anunciante,154999984
Apartamento en venta,7222631,64 m²,68.0m²,2720588,2,1 a 8 años,3,2,0,Engativá - Bogotá,Preguntar al anunciante,184999984
Casa en venta,8012277,0 m²,57.0m²,3668421,2,9 a 15 años,2,1,0,Engativá - Bogotá,Preguntar al anunciante,209099997
Casa en venta,8012537,480 m²,480.0m²,2062500,3,más de 30 años,8,6,2,Engativá - Bogotá,Preguntar al anunciante,990000000
Casa en venta,8011890,63 m²,63.0m²,2825396,2,16 a 30 años,3,2,0,Engativá - Bogotá,Preguntar al anunciante,177999948
Casa en venta,8012096,68 m²,68.0m²,3897058,3,16 a 30 años,3,2,0,Engativá - Bogotá,Preguntar al anunciante,264999944
Apartamento en venta,7967258,47 m²,47.0m²,3404255,2,16 a 30 años,2,1,0,Engativá - Bogotá,Preguntar al anunciante,159999985
Apartamento en venta,8024489,87 m²,87.0m²,5287356,4,16 a 30 años,3,2,1,Engativá - Bogotá,Preguntar al anunciante,459999972
Casa en venta,8013789,63 m²,63.0m²,2793650,2,16 a 30 años,4,2,0,Engativá - Bogotá,Preguntar al anunciante,175999950
Casa en venta,7108512,234 m²,234.0m²,2905982,4,más de 30 años,4,4,1,Engativá - Bogotá,Preguntar al anunciante,679999788
Casa en venta,7368486,0 m²,260.0m²,2423076,3,16 a 30 años,8,3,2,Engativá - Bogotá,Preguntar al anunciante,629999760
Apartamento en venta,7969319,85 m²,85.0m²,4076470,4,9 a 15 años,3,2,1,Engativá - Bogotá,Preguntar al anunciante,346499950
Apartamento en venta,7969965,45 m²,45.0m²,4222222,3,1 a 8 años,2,1,0,Engativá - Bogotá,Preguntar al anunciante,189999990
Casa en venta,7470426,142 m²,142.0m²,4225352,4,16 a 30 años,5,4,2,Engativá - Bogotá,Preguntar al anunciante,599999984
Casa en venta,7798252,325 m²,325.0m²,2153846,3,Sin información,10,6,2,Engativá - Bogotá,Preguntar al anunciante,699999950
Casa en venta,7214481,160 m²,165.0m²,2363636,2,9 a 15 años,8,6,1,Engativá - Bogotá,Preguntar al anunciante,389999940
Casa en venta,7818821,0 m²,420.0m²,1880952,2,9 a 15 años,10,7,2,Engativá - Bogotá,Preguntar al anunciante,789999840
Casa en venta,7656481,640 m²,640.0m²,2343750,3,1 a 8 años,3,4,4,Engativá - Bogotá,Preguntar al anunciante,1500000000
Casa en venta,7541612,0 m²,260.0m²,2115384,2,9 a 15 años,10,7,0,Engativá - Bogotá,Preguntar al anunciante,549999840
Casa en venta,7559214,126 m²,126.0m²,2341269,3,16 a 30 años,4,3,0,Engativá - Bogotá,Preguntar al anunciante,294999894
Casa en venta,7381800,144 m²,144.0m²,2916666,2,9 a 15 años,6,3,1,Engativá - Bogotá,Preguntar al anunciante,419999904
Casa en venta,6459518,0 m²,240.0m²,1708333,2,16 a 30 años,8,4,1,Engativá - Bogotá,Preguntar al anunciante,409999920
Apartamento en venta,7070188,62 m²,62.0m²,8548387,3,1 a 8 años,2,2,1,ENGATIVA - Bogotá,Preguntar al anunciante,529999994
Casa en venta,7422988,100 m²,100.0m²,2400000,2,1 a 8 años,4,2,1,Engativá - Bogotá,Preguntar al anunciante,240000000
Casa en venta,7497489,200 m²,210.0m²,1785714,2,9 a 15 años,5,3,1,Engativá - Bogotá,Preguntar al anunciante,374999940
Apartamento en venta,7186363,0 m²,55.0m²,4236363,4,9 a 15 años,3,2,1,Engativá - Bogotá,Preguntar al anunciante,232999965
Casa en venta,7868665,180 m²,180.0m²,1611111,2,16 a 30 años,4,5,1,Engativá - Bogotá,Preguntar al anunciante,289999980
Apartamento en venta,7367284,0 m²,64.0m²,3765625,3,9 a 15 años,3,2,1,Engativá - Bogotá,Preguntar al anunciante,241000000
Casa en venta,7342357,189 m²,189.0m²,2010582,2,9 a 15 años,3,3,2,Engativá - Bogotá,Preguntar al anunciante,379999998
Apartamento en venta,7563678,0 m²,38.0m²,3947368,2,9 a 15 años,3,1,0,Engativá - Bogotá,Preguntar al anunciante,149999984
Apartamento en venta,7995390,40 m²,40.0m²,4750000,3,1 a 8 años,2,1,0,Engativá - Bogotá,Preguntar al anunciante,190000000
Casa en venta,7554459,0 m²,65.0m²,3476923,3,16 a 30 años,3,2,0,Engativá - Bogotá,Preguntar al anunciante,225999995
Casa en venta,8000141,63 m²,63.0m²,2539682,2,16 a 30 años,3,1,0,Engativá - Bogotá,Preguntar al anunciante,159999966
Casa en venta,8012072,72 m²,72.0m²,4583333,3,16 a 30 años,4,2,1,Engativá - Bogotá,Preguntar al anunciante,329999976
Casa en venta,7724940,60 m²,131.4m²,1902587,2,9 a 15 años,5,2,1,Engativá - Bogotá,Preguntar al anunciante,249999931
Apartamento en venta,7798610,42 m²,42.0m²,3285714,2,16 a 30 años,2,1,0,Engativá - Bogotá,Preguntar al anunciante,137999988
Casa en venta,7804586,104 m²,104.0m²,4326923,3,16 a 30 años,3,3,3,Engativá - Bogotá,Preguntar al anunciante,449999992
Casa en venta,7573679,123 m²,75.0m²,5600000,3,16 a 30 años,3,1,1,Engativá - Bogotá,Preguntar al anunciante,420000000
Apartamento en venta,8022852,0 m²,47.0m²,3723404,3,Sin información,0,1,0,Engativá - Bogotá,Preguntar al anunciante,174999988
Apartamento en venta,8011830,58 m²,58.0m²,3706896,3,9 a 15 años,3,2,0,Engativá - Bogotá,Preguntar al anunciante,214999968
Apartamento en venta,8008690,53 m²,53.0m²,3792452,3,16 a 30 años,3,1,0,Engativá - Bogotá,Preguntar al anunciante,200999956
Apartamento en venta,8014060,29 m²,29.0m²,5310344,3,1 a 8 años,1,1,0,Engativá - Bogotá,Preguntar al anunciante,153999976
Apartamento en venta,8011911,44 m²,44.0m²,3181818,2,16 a 30 años,3,1,0,Engativá - Bogotá,Preguntar al anunciante,139999992
Casa en venta,7889882,36 m²,87.0m²,2988505,3,16 a 30 años,3,2,0,Engativá - Bogotá,Preguntar al anunciante,259999935
Casa en venta,7622145,288 m²,288.0m²,1701388,3,16 a 30 años,8,7,1,Engativá - Bogotá,Preguntar al anunciante,489999744
Apartamento en venta,7886458,37 m²,41.0m²,6585365,3,1 a 8 años,2,1,1,Engativá - Bogotá,Preguntar al anunciante,269999965
Apartamento en venta,7254993,0 m²,66.0m²,5000000,4,16 a 30 años,3,2,1,Engativá - Bogotá,Preguntar al anunciante,330000000
Apartamento en venta,7922021,0 m²,55.0m²,3636363,3,1 a 8 años,3,2,0,Engativá - Bogotá,Preguntar al anunciante,199999965
Apartamento en venta,7450773,50 m²,50.0m²,3700000,2,16 a 30 años,2,1,1,Engativá - Bogotá,Preguntar al anunciante,185000000
Apartamento en venta,7466409,0 m²,48.0m²,3645833,3,16 a 30 años,3,1,0,Engativá - Bogotá,Preguntar al anunciante,174999984
Apartamento en venta,7344823,0 m²,28.0m²,5678571,3,menor a 1 año,1,1,0,Engativá - Bogotá,Preguntar al anunciante,158999988
Apartamento en venta,7223899,0 m²,64.0m²,3593750,3,más de 30 años,3,2,1,Engativá - Bogotá,Preguntar al anunciante,230000000
Casa en venta,7425215,0 m²,280.0m²,1785714,2,Sin información,9,4,1,Engativá - Bogotá,Preguntar al anunciante,499999920
Apartamento en venta,7269153,0 m²,60.0m²,4500000,3,Sin información,3,2,1,Engativá - Bogotá,Preguntar al anunciante,270000000
Casa en venta,7176913,0 m²,350.0m²,2142857,3,9 a 15 años,10,7,2,Engativá - Bogotá,Preguntar al anunciante,749999950
Casa en venta,6944348,0 m²,72.0m²,3472222,3,1 a 8 años,3,3,0,Engativá - Bogotá,Preguntar al anunciante,249999984
Casa en venta,7087129,0 m²,126.0m²,2222222,3,Sin información,4,3,0,Engativá - Bogotá,Preguntar al anunciante,279999972
Apartamento en venta,8027292,0 m²,52.0m²,3240384,2,1 a 8 años,3,2,0,Engativá - Bogotá,Preguntar al anunciante,168499968
Casa en venta,7355035,0 m²,143.0m²,4545454,4,16 a 30 años,3,3,2,Engativá - Bogotá,Preguntar al anunciante,649999922
Casa en venta,7487926,0 m²,295.0m²,2372881,4,16 a 30 años,7,6,3,Engativá - Bogotá,Preguntar al anunciante,699999895
Casa en venta,7311862,0 m²,160.0m²,3375000,3,9 a 15 años,4,3,1,Engativá - Bogotá,Preguntar al anunciante,540000000
Apartamento en venta,7279747,0 m²,52.0m²,3461538,3,9 a 15 años,3,1,0,Engativá - Bogotá,Preguntar al anunciante,179999976
Apartamento en venta,7599325,0 m²,34.0m²,5882352,3,16 a 30 años,1,1,0,Engativá - Bogotá,Preguntar al anunciante,199999968
Apartamento en venta,7354564,0 m²,30.0m²,4833333,2,1 a 8 años,1,1,0,Engativá - Bogotá,Preguntar al anunciante,144999990
Casa en venta,10062226,0 m²,150.0m²,1933333,2,Sin información,4,2,0,El palmar - Bogotá,Preguntar al anunciante,289999950
Apartamento en venta,7798147,0 m²,62.0m²,3629032,3,16 a 30 años,3,2,0,Engativá - Bogotá,Preguntar al anunciante,224999984
Casa en venta,7777698,50 m²,63.0m²,2698412,2,16 a 30 años,2,1,0,Engativa - Bogotá,Preguntar al anunciante,169999956
Casa en venta,7796755,108 m²,108.0m²,2296296,2,16 a 30 años,4,3,1,Engativá - Bogotá,Preguntar al anunciante,247999968
Apartamento en venta,7699774,42 m²,42.0m²,3285714,2,16 a 30 años,2,1,0,ENGATIVA - Bogotá,Preguntar al anunciante,137999988
Apartamento en venta,7860682,70 m²,70.0m²,4264285,4,9 a 15 años,3,2,0,Engativá - Bogotá,Preguntar al anunciante,298499950
Casa en venta,4959502,288 m²,288.0m²,1381944,2,16 a 30 años,12,5,0,Engativá - Bogotá,Preguntar al anunciante,397999872
Casa en venta,7802184,0 m²,72.0m²,4444444,3,16 a 30 años,3,2,0,Engativá - Bogotá,Preguntar al anunciante,319999968
Apartamento en venta,6250356,47 m²,47.0m²,3085106,2,16 a 30 años,2,1,0,ENGATIVA - Bogotá,Preguntar al anunciante,144999982
Casa en venta,7883978,220 m²,220.0m²,1454545,2,9 a 15 años,6,4,1,Engativá - Bogotá,Preguntar al anunciante,319999900
Apartamento en venta,10035716,0 m²,49.0m²,3673469,3,1 a 8 años,3,2,0,El palmar - Bogotá,Carrera 116B # 66 - 57,179999981
Apartamento en venta,10026513,53 m²,53.0m²,3018867,2,9 a 15 años,3,2,1,Centro engativa - Bogotá,KR 116B # 70A - 77,159999951
Apartamento en venta,7612438,40 m²,43.0m²,3372093,2,1 a 8 años,3,1,0,Centro engativa - Bogotá,Preguntar al anunciante,144999999
Apartamento en venta,10061210,0 m²,54.0m²,2777777,2,1 a 8 años,3,2,0,Centro engativa - Bogotá,Carrera 116B # 70A - 54,149999958
Apartamento en venta,10029903,0 m²,49.0m²,2755102,2,9 a 15 años,3,1,0,Centro engativa - Bogotá,Carrera 116B # 70A - 54,134999998
Casa en venta,7953617,66 m²,66.0m²,6818181,3,más de 30 años,3,2,0,ENGATIVA - Bogotá,Preguntar al anunciante,449999946
Apartamento en venta,8023603,50 m²,50.0m²,3420000,2,9 a 15 años,3,2,0,Engativa - Bogotá,Preguntar al anunciante,171000000
Casa en venta,7096133,95 m²,95.0m²,3578947,3,más de 30 años,4,2,0,engativa - Bogotá,Preguntar al anunciante,339999965
Apartamento en venta,10052027,0 m²,51.0m²,3137254,2,9 a 15 años,3,2,1,Centro engativa - Bogotá,Carrera 116B # 70A - 54,159999954
Apartamento en venta,10072474,0 m²,48.0m²,3125000,2,9 a 15 años,3,1,0,Centro engativa - Bogotá,Carrera 116B # 70A - 54,150000000
Apartamento en venta,7536132,50 m²,50.0m²,3000000,2,16 a 30 años,3,1,0,ENGATIVA CENTRO - Bogotá,Preguntar al anunciante,150000000
Apartamento en venta,7381305,50 m²,50.0m²,2800000,2,9 a 15 años,2,1,0,Engativa Centro - Bogotá,Preguntar al anunciante,140000000
Casa en venta,7956475,17 m²,171.0m²,1754385,2,16 a 30 años,6,3,1,engativa centro - Bogotá,Preguntar al anunciante,299999835
Casa en venta,7986034,300 m²,300.0m²,8333333,3,más de 30 años,4,3,1,ENGATIVA CENTRO - Bogotá,Preguntar al anunciante,2499999900
Casa en venta,7997919,63 m²,63.0m²,2825396,2,16 a 30 años,3,2,0,engativa centro - Bogotá,Preguntar al anunciante,177999948
Casa en venta,7643173,63 m²,63.0m²,2380952,2,16 a 30 años,2,1,0,engativa centro - Bogotá,Preguntar al anunciante,149999976
Casa en venta,7248583,45 m²,45.0m²,3222222,2,16 a 30 años,3,1,0,ENGATIVA PUEBLO - Bogotá,Preguntar al anunciante,144999990
Casa en venta,5247357,114 m²,114.0m²,5701754,3,más de 30 años,6,3,0,LA CABAA ENGATIVA - Bogotá,Preguntar al anunciante,649999956
Casa en venta,7096926,234 m²,234.0m²,811965,2,16 a 30 años,5,3,1,engativa pueblo - Bogotá,Preguntar al anunciante,189999810
Apartamento en venta,7195106,43 m²,43.0m²,3255813,3,16 a 30 años,2,1,0,ENGATIVA CENTRO - Bogotá,Preguntar al anunciante,139999959
Apartamento en venta,7803629,42 m²,42.0m²,3285714,2,16 a 30 años,2,1,0,ENGATIVA CENTRO - Bogotá,Preguntar al anunciante,137999988
Apartamento en venta,7903699,41 m²,41.0m²,5365853,3,menor a 1 año,2,1,0,engativa centro - Bogotá,Preguntar al anunciante,219999973
Apartamento en venta,7378725,57 m²,57.0m²,3298245,3,9 a 15 años,3,2,0,engativa centro - Bogotá,Preguntar al anunciante,187999965
Casa en venta,7286950,230 m²,230.0m²,1521739,2,16 a 30 años,7,3,0,ENGATIVA CENTRO - Bogotá,Preguntar al anunciante,349999970
Apartamento en venta,8004235,40 m²,40.0m²,4750000,3,menor a 1 año,2,1,1,ENGATIVA CENTRO - Bogotá,Preguntar al anunciante,190000000
Casa en venta,7484036,235 m²,235.0m²,2255319,2,9 a 15 años,4,4,0,ENGATIVA CENTRO - Bogotá,Preguntar al anunciante,529999965
Casa en venta,10055871,144 m²,144.0m²,1736111,2,1 a 8 años,5,3,1,Centro engativa - Bogotá,Calle 69B # 117 - 16,249999984
Apartamento en venta,7891790,67 m²,67.0m²,3979104,1,16 a 30 años,3,2,1,engativa centro - Bogotá,Preguntar al anunciante,266599968
Apartaestudio en venta,7941115,30 m²,30.0m²,5666666,3,más de 30 años,1,1,1,LA CABAÑA ENGATIVA - Bogotá,Preguntar al anunciante,169999980
Casa en venta,7343663,220 m²,220.0m²,2954545,3,16 a 30 años,7,4,0,La Cabaña Engativa - Bogotá,Preguntar al anunciante,649999900
Casa en venta,6796580,220 m²,220.0m²,2226818,3,16 a 30 años,8,4,0,Bonanza Engativá - Bogotá,Preguntar al anunciante,489899960
Casa en venta,7997890,63 m²,63.0m²,2793650,2,16 a 30 años,4,2,0,engativa centro - Bogotá,Preguntar al anunciante,175999950
Casa en venta,8008373,41 m²,41.0m²,4024390,2,16 a 30 años,2,1,0,ENGATIVA CENTRO - Bogotá,Preguntar al anunciante,164999990
Casa en venta,7788230,144 m²,144.0m²,2291666,2,menor a 1 año,6,4,0,engativa centro - Bogotá,Preguntar al anunciante,329999904
Casa en venta,5352004,270 m²,270.0m²,1925925,3,más de 30 años,8,4,0,LA CABAÑA ENGATIVA - Bogotá,Preguntar al anunciante,519999750
Casa en venta,7343654,150 m²,150.0m²,1700000,2,1 a 8 años,5,3,1,engativa centro - Bogotá,Preguntar al anunciante,255000000
Casa en venta,6565986,321 m²,321.0m²,1869158,3,16 a 30 años,12,7,0,Los Monjes Engativá - Bogotá,Preguntar al anunciante,599999718
Casa en venta,7343593,329 m²,329.0m²,2370820,2,menor a 1 año,7,4,0,engativa centro - Bogotá,Preguntar al anunciante,779999780
Casa en venta,5277677,500 m²,500.0m²,2400000,3,más de 30 años,4,7,0,Villa luz Engativá - Bogotá,Preguntar al anunciante,1200000000
Casa en venta,7799919,98 m²,98.0m²,6632653,2,16 a 30 años,9,4,1,San Antonio Engativá - Bogotá,cra 110Bis #63-89,649999994
Casa en venta,5845855,249 m²,249.0m²,1686746,2,16 a 30 años,7,4,0,Las Mercedes Engativá - Bogotá,Preguntar al anunciante,419999754
Casa en venta,7859613,210 m²,210.0m²,2476190,2,1 a 8 años,6,4,0,SAN BASILIO ENGATIVA - Bogotá,Preguntar al anunciante,519999900
Casa en venta,10066660,72 m²,288.0m²,1423611,2,9 a 15 años,8,3,2,Villa teresita - Bogotá,Preguntar al anunciante,409999968
Apartamento en venta,6224740,70 m²,70.0m²,4595450,4,1 a 8 años,3,2,1,Gran Granada Engativa - Bogotá,Preguntar al anunciante,321681500
Casa en venta,6607963,155 m²,155.0m²,2516129,3,16 a 30 años,5,3,2,SAN BASILIO ENGATIVA - Bogotá,Preguntar al anunciante,389999995
Apartamento en venta,6224956,84 m²,84.0m²,4602976,4,1 a 8 años,3,2,1,Gran Granada Engativa - Bogotá,Preguntar al anunciante,386649984
Casa en venta,7111940,76 m²,76.0m²,2893421,3,más de 30 años,2,1,0,Boyaca Real Engativa - Bogotá,Preguntar al anunciante,219899996
Apartamento en venta,5323664,0 m²,50.0m²,3200000,2,1 a 8 años,3,2,0,La faena - Bogotá,Preguntar al anunciante,160000000
Casa en venta,7808457,72 m²,72.0m²,9305555,2,9 a 15 años,8,5,1,vila claver engativa  - Bogotá,occidente,669999960
Casa en venta,7335192,53 m²,53.0m²,4149056,3,16 a 30 años,3,2,0,Engativa La Soledad Norte - Bogotá,Preguntar al anunciante,219899968
Casa en venta,10051593,114 m²,114.0m²,2894736,3,9 a 15 años,4,3,1,Centro engativa - Bogotá,Carrera 112 # 70C - 24,329999904
Apartamento en venta,5401446,50 m²,50.0m²,3600000,3,1 a 8 años,3,2,0,Florencia Engativa - Bogotá,Preguntar al anunciante,180000000
Casa en venta,7892740,0 m²,114.0m²,2631578,2,16 a 30 años,5,2,1,La riviera - Bogotá,Preguntar al anunciante,299999892
Casa en venta,10066745,0 m²,176.0m²,1477272,2,Sin información,5,4,1,El palmar - Bogotá,Calle 65 # 116C - 24,259999872
Apartamento en venta,10034460,56 m²,56.0m²,2857142,3,1 a 8 años,3,1,2,El palmar - Bogotá,Carrera 119A # 65A - 20,159999952
Casa en venta,10065413,0 m²,540.0m²,1444444,2,Sin información,19,10,0,El palmar - Bogotá,Calle 65 # 116C - 24,779999760
Apartamento en venta,7694571,39 m²,42.0m²,3285714,2,16 a 30 años,2,1,0,El palmar - Bogotá,Preguntar al anunciante,137999988
Casa en venta,10048877,52 m²,100.0m²,1450000,2,16 a 30 años,3,1,0,Centro engativa - Bogotá,Carrera 112A BIS # 71C - 18,145000000
Apartamento en venta,10047098,0 m²,39.6m²,4217171,3,1 a 8 años,2,2,0,Centro engativa - Bogotá,Carrera 116B # 72F - 67,166999971
Casa en venta,7804908,0 m²,171.0m²,1578947,2,16 a 30 años,6,3,1,Centro engativa - Bogotá,Cra. 120 69 b-39,269999937
Apartamento en venta,10030427,51 m²,51.0m²,3509803,3,1 a 8 años,3,2,1,Centro engativa - Bogotá,KR 116B # 74A - 40,178999953
Casa en venta,7760381,56 m²,99.5m²,2914572,2,1 a 8 años,2,1,3,Centro engativa - Bogotá,calle73b#116c50,289999914
Apartamento en venta,10032697,48 m²,48.0m²,3645833,3,1 a 8 años,3,2,0,Centro engativa - Bogotá,KR 116B # 74A - 40,174999984
Apartamento en venta,10070635,48 m²,50.0m²,3500000,3,1 a 8 años,3,2,0,Centro engativa - Bogotá,Preguntar al anunciante,175000000
Apartamento en venta,10070635,48 m²,50.0m²,3500000,3,1 a 8 años,3,2,0,Centro engativa - Bogotá,Preguntar al anunciante,175000000
Apartamento en venta,10032697,48 m²,48.0m²,3645833,3,1 a 8 años,3,2,0,Centro engativa - Bogotá,KR 116B # 74A - 40,174999984
Casa en venta,7760381,56 m²,99.5m²,2914572,2,1 a 8 años,2,1,3,Centro engativa - Bogotá,calle73b#116c50,289999914
Casa en venta,7804908,0 m²,171.0m²,1578947,2,16 a 30 años,6,3,1,Centro engativa - Bogotá,Cra. 120 69 b-39,269999937
Apartamento en venta,7975762,0 m²,45.0m²,4222222,3,16 a 30 años,3,2,0,Centro engativa - Bogotá,Preguntar al anunciante,189999990
Casa en venta,10039803,0 m²,33.0m²,4848484,2,1 a 8 años,3,3,0,Centro engativa - Bogotá,Carrera 121 # 73 - 27,159999972
Casa en venta,7817452,0 m²,150.0m²,2660000,3,menor a 1 año,5,3,1,Quirigua oriental - Bogotá,Transversal 90A # 82 - 14,399000000
Apartamento en venta,10042371,50 m²,53.0m²,3396226,3,9 a 15 años,3,2,0,Centro engativa - Bogotá,Calle 72F # 114 - 51,179999978
Apartamento en venta,10047609,0 m²,50.0m²,3500000,3,1 a 8 años,3,2,1,Centro engativa - Bogotá,Calle 72F # 116B - 84,175000000
Apartamento en venta,10037462,50 m²,50.0m²,3540000,3,9 a 15 años,3,2,0,Centro engativa - Bogotá,Calle 72F # 116B - 84,177000000
Apartamento en venta,10053466,0 m²,50.0m²,3700000,3,9 a 15 años,3,2,0,Centro engativa - Bogotá,Calle 72F # 116B - 84,185000000
Apartamento en venta,10067927,50 m²,50.0m²,3160000,3,9 a 15 años,3,2,0,Centro engativa - Bogotá,Calle 72F # 116B - 84,158000000
Apartamento en venta,10034460,56 m²,56.0m²,2857142,3,1 a 8 años,3,1,2,El palmar - Bogotá,Carrera 119A # 65A - 20,159999952
Casa en venta,10065413,0 m²,540.0m²,1444444,2,Sin información,19,10,0,El palmar - Bogotá,Calle 65 # 116C - 24,779999760
Apartamento en venta,7694571,39 m²,42.0m²,3285714,2,16 a 30 años,2,1,0,El palmar - Bogotá,Preguntar al anunciante,137999988
Casa en venta,10053907,0 m²,285.0m²,1929824,2,16 a 30 años,9,5,0,Marandu - Bogotá,Calle 69D # 112 - 61,549999840
Casa en venta,10057651,0 m²,285.0m²,1859649,2,16 a 30 años,9,5,1,Marandu - Bogotá,Calle 69D # 112 - 61,529999965
Apartamento en venta,10050297,0 m²,215.0m²,2697674,2,más de 30 años,9,4,1,Marandu - Bogotá,Calle 69D # 111C - 77,579999910
Apartamento en venta,10044664,0 m²,59.0m²,4406779,4,1 a 8 años,3,2,1,Centro engativa - Bogotá,CL 74A # 116B - 60,259999961
Apartamento en venta,10046226,47 m²,47.0m²,3829787,3,1 a 8 años,3,2,0,Centro engativa - Bogotá,Preguntar al anunciante,179999989
Apartamento en venta,7961484,0 m²,49.0m²,3265306,3,1 a 8 años,3,2,0,Centro engativa - Bogotá,Preguntar al anunciante,159999994
Apartamento en venta,10069715,50 m²,50.0m²,3762000,3,9 a 15 años,3,2,0,Villas de alcala - Bogotá,Preguntar al anunciante,188100000
Apartamento en venta,10067076,65 m²,65.0m²,4292307,3,9 a 15 años,3,2,1,Villas de alcala - Bogotá,Preguntar al anunciante,278999955
Casa en venta,10056052,0 m²,52.0m²,2788461,3,1 a 8 años,5,2,0,Centro engativa - Bogotá,Preguntar al anunciante,144999972
Apartamento en venta,7947606,45 m²,50.0m²,3580000,3,1 a 8 años,3,2,0,Centro engativa - Bogotá,Preguntar al anunciante,179000000
Apartamento en venta,8008111,0 m²,52.0m²,3750000,3,1 a 8 años,4,2,0,Centro engativa - Bogotá,Preguntar al anunciante,195000000
Apartamento en venta,7642534,0 m²,65.0m²,4307692,4,9 a 15 años,3,2,1,Villas de alcala - Bogotá,Preguntar al anunciante,279999980
Apartamento en venta,10067608,50 m²,52.0m²,3423076,3,1 a 8 años,3,2,0,Centro engativa - Bogotá,Calle 72F # 116B - 84,177999952
Apartamento en venta,10058563,49 m²,49.0m²,3469387,3,1 a 8 años,3,1,0,Centro engativa - Bogotá,Calle 72F # 116B - 84,169999963
Casa en venta,7984625,50 m²,50.0m²,8400000,2,16 a 30 años,6,3,1,Centro engativa - Bogotá,Preguntar al anunciante,420000000
Casa en venta,10053964,0 m²,150.0m²,2600000,3,menor a 1 año,5,3,1,Quirigua oriental - Bogotá,Transversal 90B # 82 - 10,390000000
Casa en venta,10035940,0 m²,144.0m²,2395833,2,16 a 30 años,5,2,0,El danubio - Bogotá,Carrera 105F # 67B - 12,344999952
Casa en venta,10038923,0 m²,33.0m²,4848484,2,1 a 8 años,3,3,0,Centro engativa - Bogotá,Carrera 121 # 73 - 27,159999972
Apartamento en venta,10069474,43 m²,43.0m²,3720930,3,más de 30 años,2,1,0,Quirigua oriental - Bogotá,Preguntar al anunciante,159999990
Apartamento en venta,7797278,0 m²,50.0m²,3440000,3,9 a 15 años,3,2,0,Centro engativa - Bogotá,Calle 72F No. 116B-84,172000000
Apartamento en venta,7944076,84 m²,89.0m²,3876404,4,1 a 8 años,3,2,1,El dorado - Bogotá,Preguntar al anunciante,344999956
Apartamento en venta,7670848,0 m²,80.0m²,4125000,4,9 a 15 años,3,2,1,El dorado - Bogotá,Preguntar al anunciante,330000000
Casa en venta,10026934,0 m²,105.0m²,2333333,2,1 a 8 años,4,2,1,La riviera - Bogotá,Calle 70 # 112B - 87,244999965
Casa en venta,7966379,57 m²,57.0m²,3668421,2,9 a 15 años,2,1,0,Villas de alcala - Bogotá,Preguntar al anunciante,209099997
Apartamento en venta,10059818,0 m²,62.0m²,3903225,3,1 a 8 años,3,2,1,Centro engativa - Bogotá,Calle 72F # 113A - 85,241999950
Apartamento en venta,7964469,65 m²,67.0m²,3194029,3,9 a 15 años,3,2,0,El dorado - Bogotá,Preguntar al anunciante,213999943
Apartamento en venta,10070517,57 m²,60.0m²,3166666,2,1 a 8 años,2,1,0,El dorado - Bogotá,Preguntar al anunciante,189999960
Apartamento en venta,10066754,0 m²,62.0m²,2338709,2,Sin información,3,2,0,La riviera - Bogotá,Calle 70 # 112B - 30,144999958
Apartamento en venta,10030733,0 m²,70.0m²,4571428,4,1 a 8 años,3,2,1,El dorado - Bogotá,Diagonal 77B # 116B - 55,319999960
Apartamento en venta,7966685,70 m²,70.0m²,4428571,4,1 a 8 años,3,2,1,El dorado - Bogotá,Preguntar al anunciante,309999970
Apartamento en venta,10063864,80 m²,84.0m²,3928571,4,1 a 8 años,3,2,1,El dorado - Bogotá,Preguntar al anunciante,329999964
Apartamento en venta,7962237,61 m²,65.0m²,3538461,3,9 a 15 años,3,2,0,El dorado - Bogotá,Preguntar al anunciante,229999965
Apartamento en venta,7984795,70 m²,70.0m²,4428571,4,1 a 8 años,3,2,1,El dorado - Bogotá,Preguntar al anunciante,309999970
Apartamento en venta,3370112,0 m²,66.0m²,3484848,3,9 a 15 años,3,2,1,Engativa el dorado - Bogotá,Preguntar al anunciante,229999968
Casa en venta,10064770,252 m²,288.0m²,2777777,3,16 a 30 años,10,4,1,Villa del mar - Bogotá,Calle 67B # 105 - 70,799999776
Apartamento en venta,10052323,59 m²,59.0m²,4067796,3,9 a 15 años,3,2,1,Villas de alcala - Bogotá,Preguntar al anunciante,239999964
Apartamento en venta,7977224,72 m²,72.0m²,4722222,4,1 a 8 años,3,2,1,El dorado - Bogotá,Preguntar al anunciante,339999984
Apartamento en venta,10051844,0 m²,60.0m²,4083333,4,9 a 15 años,3,2,1,Centro engativa - Bogotá,Diagonal 77 # 123A - 78,244999980
Apartamento en venta,10020189,0 m²,72.0m²,4097222,4,1 a 8 años,3,2,1,El dorado - Bogotá,Calle 77B # 119A - 68,294999984
Apartamento en venta,7944076,84 m²,89.0m²,3876404,4,1 a 8 años,3,2,1,El dorado - Bogotá,Preguntar al anunciante,344999956
Apartamento en venta,7670848,0 m²,80.0m²,4125000,4,9 a 15 años,3,2,1,El dorado - Bogotá,Preguntar al anunciante,330000000
Casa en venta,7966379,57 m²,57.0m²,3668421,2,9 a 15 años,2,1,0,Villas de alcala - Bogotá,Preguntar al anunciante,209099997
Casa en venta,10026934,0 m²,105.0m²,2333333,2,1 a 8 años,4,2,1,La riviera - Bogotá,Calle 70 # 112B - 87,244999965
Apartamento en venta,10059818,0 m²,62.0m²,3903225,3,1 a 8 años,3,2,1,Centro engativa - Bogotá,Calle 72F # 113A - 85,241999950
Apartamento en venta,10030733,0 m²,70.0m²,4571428,4,1 a 8 años,3,2,1,El dorado - Bogotá,Diagonal 77B # 116B - 55,319999960
Apartamento en venta,10066754,0 m²,62.0m²,2338709,2,Sin información,3,2,0,La riviera - Bogotá,Calle 70 # 112B - 30,144999958
Apartamento en venta,10070517,57 m²,60.0m²,3166666,2,1 a 8 años,2,1,0,El dorado - Bogotá,Preguntar al anunciante,189999960
Apartamento en venta,7964469,65 m²,67.0m²,3194029,3,9 a 15 años,3,2,0,El dorado - Bogotá,Preguntar al anunciante,213999943
Apartamento en venta,7962237,61 m²,65.0m²,3538461,3,9 a 15 años,3,2,0,El dorado - Bogotá,Preguntar al anunciante,229999965
Apartamento en venta,7966685,70 m²,70.0m²,4428571,4,1 a 8 años,3,2,1,El dorado - Bogotá,Preguntar al anunciante,309999970
Apartamento en venta,7984795,70 m²,70.0m²,4428571,4,1 a 8 años,3,2,1,El dorado - Bogotá,Preguntar al anunciante,309999970
Apartamento en venta,10063864,80 m²,84.0m²,3928571,4,1 a 8 años,3,2,1,El dorado - Bogotá,Preguntar al anunciante,329999964
Apartamento en venta,3370112,0 m²,66.0m²,3484848,3,9 a 15 años,3,2,1,Engativa el dorado - Bogotá,Preguntar al anunciante,229999968
Casa en venta,10058518,0 m²,216.0m²,2731481,2,9 a 15 años,11,5,1,Villa dorado - san antonio - Bogotá,Calle 68C # 107A - 46,589999896
Casa en venta,10037402,0 m²,144.0m²,2777777,3,Sin información,5,2,1,Ciudad quirigua - Bogotá,Carrera 94F # 86B - 22,399999888
Casa en venta,10026679,0 m²,140.0m²,2785714,3,más de 30 años,3,2,0,Quirigua oriental - Bogotá,Calle 88 # 89A - 33,389999960
Casa en venta,7563240,144 m²,150.0m²,2833333,2,16 a 30 años,5,3,1,El muelle - Bogotá,Preguntar al anunciante,424999950
Apartamento en venta,10046685,58 m²,58.0m²,4827586,3,menor a 1 año,3,2,1,Los cerezos - Bogotá,Preguntar al anunciante,279999988
Apartamento en venta,7607339,67 m²,67.0m²,3731343,3,16 a 30 años,2,2,0,Ciudad quirigua - Bogotá,cra 92 85a 41,249999981
Casa en venta,10010119,220 m²,220.0m²,1950000,3,menor a 1 año,8,5,0,Ciudad quirigua - Bogotá,Calle 86B # 94F - 10,429000000
Casa en venta,10045137,216 m²,216.0m²,2175925,2,Sin información,5,3,1,Villa dorado - san antonio - Bogotá,Carrera 107A BIS # 68C - 54,469999800
Casa en venta,10042298,0 m²,130.0m²,3000000,3,16 a 30 años,3,2,0,Quirigua oriental - Bogotá,Calle 88 # 89A - 33,390000000
Apartamento en venta,10043243,0 m²,59.0m²,3898305,3,16 a 30 años,3,1,0,Quirigua oriental - Bogotá,Carrera 90 # 81A - 16,229999995
Casa en venta,10064416,0 m²,90.0m²,2888888,3,16 a 30 años,3,3,0,Quirigua oriental - Bogotá,Avenida Calle 90 # 89A - 13,259999920
Casa en venta,10056046,0 m²,150.0m²,2600000,3,9 a 15 años,5,2,0,Los cerezos - Bogotá,Preguntar al anunciante,390000000
Apartamento en venta,10059152,0 m²,60.05m²,3164029,3,más de 30 años,3,1,0,Los cerezos - Bogotá,Preguntar al anunciante,189999941
Apartamento en venta,7926746,82 m²,82.0m²,4024390,4,1 a 8 años,3,2,1,El dorado - Bogotá,Preguntar al anunciante,329999980
Apartamento en venta,7985436,52 m²,60.0m²,3498333,3,más de 30 años,3,1,0,Los cerezos - Bogotá,Preguntar al anunciante,209899980
Casa en venta,10064409,0 m²,90.0m²,2888888,3,16 a 30 años,3,2,0,Quirigua oriental - Bogotá,Avenida Calle 90 # 89A - 13,259999920
Casa en venta,10040600,0 m²,215.0m²,2162790,2,9 a 15 años,12,6,0,Las mercedes - Bogotá,Calle 66 # 106A - 13,464999850
Apartamento en venta,10043887,0 m²,100.0m²,3350000,3,1 a 8 años,3,3,1,Quirigua oriental - Bogotá,Carrera 89A # 80 - 84,335000000
Apartamento en venta,7980360,53 m²,53.0m²,4716981,4,1 a 8 años,2,2,1,El dorado - Bogotá,Preguntar al anunciante,249999993
Casa en venta,10028192,150 m²,170.0m²,2294117,3,16 a 30 años,5,2,0,Ciudad quirigua - Bogotá,Carrera 94F # 87 - 15,389999890
Apartamento en venta,7981405,68 m²,68.0m²,3970588,4,1 a 8 años,3,2,1,El dorado - Bogotá,Preguntar al anunciante,269999984
Apartamento en venta,10057161,0 m²,42.0m²,3285714,3,16 a 30 años,2,1,0,Engativa zona urbana - Bogotá,Preguntar al anunciante,137999988
Casa en venta,7912298,0 m²,108.0m²,2592592,2,16 a 30 años,3,3,1,Marandu - Bogotá,Preguntar al anunciante,279999936
Apartamento en venta,10061321,63 m²,63.0m²,2857142,2,16 a 30 años,3,1,0,Ciudad quirigua - Bogotá,Preguntar al anunciante,179999946
Casa en venta,10064704,63 m²,63.0m²,3492063,2,9 a 15 años,3,2,0,Marandu - Bogotá,Preguntar al anunciante,219999969
Apartamento en venta,7485747,72 m²,72.0m²,4444444,4,1 a 8 años,3,2,1,Centro engativa - Bogotá,Preguntar al anunciante,319999968
Apartamento en venta,5584726,0 m²,69.0m²,4492753,4,1 a 8 años,3,2,1,Villas de alcala - Bogotá,Preguntar al anunciante,309999957
Apartamento en venta,7866524,61 m²,69.0m²,4492753,4,1 a 8 años,3,2,1,Villas de alcala - Bogotá,Preguntar al anunciante,309999957
Apartaestudio en venta,10030358,35 m²,36.0m²,6666666,4,1 a 8 años,1,2,1,Centro engativa - Bogotá,KR 116B # 74A - 65,239999976
Apartamento en venta,10067667,60 m²,60.0m²,4166666,3,9 a 15 años,3,2,0,El dorado - Bogotá,Preguntar al anunciante,249999960
Apartamento en venta,10041174,68 m²,68.0m²,4264705,3,9 a 15 años,3,2,1,Centro engativa - Bogotá,Carrera 119 # 77 - 21,289999940
Casa en venta,7791602,72 m²,256.0m²,1875000,2,16 a 30 años,7,5,1,Villa dorado - san antonio - Bogotá,calle 69a  105h-17,480000000
Apartamento en venta,7983049,50 m²,50.82m²,3738685,3,1 a 8 años,3,2,0,Centro engativa - Bogotá,Preguntar al anunciante,189999971
Apartamento en venta,7866524,61 m²,69.0m²,4492753,4,1 a 8 años,3,2,1,Villas de alcala - Bogotá,Preguntar al anunciante,309999957
Apartamento en venta,5584726,0 m²,69.0m²,4492753,4,1 a 8 años,3,2,1,Villas de alcala - Bogotá,Preguntar al anunciante,309999957
Apartamento en venta,7485747,72 m²,72.0m²,4444444,4,1 a 8 años,3,2,1,Centro engativa - Bogotá,Preguntar al anunciante,319999968
Apartaestudio en venta,10030358,35 m²,36.0m²,6666666,4,1 a 8 años,1,2,1,Centro engativa - Bogotá,KR 116B # 74A - 65,239999976
Casa en venta,7791602,72 m²,256.0m²,1875000,2,16 a 30 años,7,5,1,Villa dorado - san antonio - Bogotá,calle 69a  105h-17,480000000
Apartamento en venta,10041174,68 m²,68.0m²,4264705,3,9 a 15 años,3,2,1,Centro engativa - Bogotá,Carrera 119 # 77 - 21,289999940
Apartamento en venta,10067667,60 m²,60.0m²,4166666,3,9 a 15 años,3,2,0,El dorado - Bogotá,Preguntar al anunciante,249999960
Apartamento en venta,10051552,"41,35 m²",41.35m²,3990326,2,1 a 8 años,2,1,0,La faena - Bogotá,KR 121A # 70A - 86,164999980
Casa en venta,6809509,198 m²,198.0m²,2878787,3,9 a 15 años,7,4,1,Centro engativa - Bogotá,Preguntar al anunciante,569999826
Apartamento en venta,10072131,0 m²,60.0m²,4000000,3,1 a 8 años,3,2,1,Centro engativa - Bogotá,Carrera 112F # 72 - 0,240000000
Apartamento en venta,6732309,80 m²,84.0m²,4559523,3,menor a 1 año,3,2,2,Paris - Bogotá,Preguntar al anunciante,382999932
Apartamento en venta,10063522,75 m²,81.0m²,4444444,4,1 a 8 años,3,2,1,El dorado - Bogotá,Preguntar al anunciante,359999964
Apartamento en venta,7568299,49 m²,49.23m²,3412553,2,1 a 8 años,3,2,0,El palmar - Bogotá,Preguntar al anunciante,167999984
Casa en venta,10067361,53 m²,53.0m²,3584905,3,16 a 30 años,4,2,0,El dorado - Bogotá,Preguntar al anunciante,189999965
Casa en venta,10053467,0 m²,139.9m²,4145818,3,más de 30 años,2,3,0,Ciudad quirigua - Bogotá,Carrera 94H # 83B - 34,579999938
Apartamento en venta,7787689,0 m²,50.0m²,3200000,3,1 a 8 años,3,2,0,Centro engativa - Bogotá,Calle 74 a  114 a -30,160000000
Casa en venta,7812468,300 m²,310.0m²,2429032,2,menor a 1 año,11,6,1,El dorado - Bogotá,calle 76B 120A 55,752999920
Apartamento en venta,10055919,69 m²,69.0m²,4550724,4,1 a 8 años,3,2,1,El dorado - Bogotá,Preguntar al anunciante,313999956
Apartamento en venta,7852024,51 m²,55.0m²,3090909,2,1 a 8 años,3,2,0,El palmar - Bogotá,Preguntar al anunciante,169999995
Casa en venta,10069359,0 m²,53.0m²,3075471,2,9 a 15 años,3,1,0,El dorado - Bogotá,Preguntar al anunciante,162999963
Apartamento en venta,10049831,"50,82 m²",50.82m²,3738685,3,9 a 15 años,3,2,0,El dorado - Bogotá,Carrera 116C # 77 - 51,189999971
Apartamento en venta,7629076,71 m²,71.0m²,3859154,4,9 a 15 años,3,2,1,Centro engativa - Bogotá,Carrera 119 # 77 - 21,273999934
Apartamento en venta,10009567,68 m²,71.0m²,3859154,4,1 a 8 años,3,2,1,Centro engativa - Bogotá,Carrera 119 # 77 - 21,273999934
Casa en venta,10008125,0 m²,176.0m²,3125000,3,más de 30 años,4,2,6,Santa Rosita - Bogotá,Calle 80B # 92 - 13,550000000
Apartamento en venta,7629076,71 m²,71.0m²,3859154,4,9 a 15 años,3,2,1,Centro engativa - Bogotá,Carrera 119 # 77 - 21,273999934
Apartamento en venta,10009567,68 m²,71.0m²,3859154,4,1 a 8 años,3,2,1,Centro engativa - Bogotá,Carrera 119 # 77 - 21,273999934
Casa en venta,10008125,0 m²,176.0m²,3125000,3,más de 30 años,4,2,6,Santa Rosita - Bogotá,Calle 80B # 92 - 13,550000000
Casa en venta,10041768,63 m²,63.0m²,3174603,2,16 a 30 años,4,1,0,Centro engativa - Bogotá,Diagonal 77 # 120A - 68,199999989
Casa en venta,10042062,0 m²,67.0m²,2686567,2,16 a 30 años,4,1,0,Granjas del dorado - Bogotá,Calle 66 # 113B - 51,179999989
Apartamento en venta,10040322,68 m²,68.0m²,4264705,4,1 a 8 años,3,2,1,El dorado - Bogotá,Carrera 120A # 77 - 20,289999940
Casa en venta,7054046,160 m²,160.0m²,1656250,2,16 a 30 años,4,4,1,Villa dorado norte - Bogotá,Preguntar al anunciante,265000000
Casa en venta,10036023,288 m²,288.0m²,2152777,2,9 a 15 años,9,6,1,Villa dorado - san antonio - Bogotá,Carrera 107A # 70 - 60,619999776
Casa en venta,7662060,108 m²,108.0m²,2962962,2,16 a 30 años,3,2,1,Villa dorado - san antonio - Bogotá,Carrera 108 # 70 - 33,319999896
Casa en venta,7981839,0 m²,42.0m²,4047619,2,9 a 15 años,2,1,0,Centro engativa - Bogotá,Preguntar al anunciante,169999998
Casa en venta,4725168,0 m²,205.0m²,2336585,2,16 a 30 años,4,2,2,Aeropuerto el dorado - Bogotá,Preguntar al anunciante,478999925
Casa en venta,10047524,0 m²,77.0m²,2727272,2,9 a 15 años,4,3,1,El palmar - Bogotá,Calle 64C # 113C - 70,209999944
Apartamento en venta,10040673,68 m²,68.0m²,4264705,4,1 a 8 años,3,2,1,El dorado - Bogotá,KR 120A # 77 - 30,289999940
Casa en venta,7913791,108 m²,108.0m²,2083333,2,9 a 15 años,3,3,1,Centro engativa ii - Bogotá,Preguntar al anunciante,224999964
Apartamento en venta,10055992,69 m²,69.0m²,4594202,4,1 a 8 años,3,2,1,Centro engativa - Bogotá,Preguntar al anunciante,316999938
Apartamento en venta,7786226,0 m²,50.0m²,3600000,3,1 a 8 años,3,2,0,Villas de alcala - Bogotá,Preguntar al anunciante,180000000
Apartamento en venta,6732303,78 m²,82.0m²,4563414,3,menor a 1 año,3,2,2,Paris - Bogotá,Preguntar al anunciante,374199948
Casa en venta,10060437,0 m²,328.0m²,2073170,2,1 a 8 años,10,7,0,Villa dorado norte - Bogotá,Calle 64 # 107C - 32,679999760
Casa en venta,10061477,0 m²,315.0m²,2031746,2,16 a 30 años,8,2,3,Villa dorado norte - Bogotá,Carrera 110 # 64D - 24,639999990
Apartamento en venta,7497637,50 m²,54.0m²,2592592,2,1 a 8 años,3,2,0,Granjas del dorado - Bogotá,Preguntar al anunciante,139999968
Casa en venta,7812340,0 m²,220.0m²,2454545,3,más de 30 años,2,4,1,Ciudad quirigua - Bogotá,Preguntar al anunciante,539999900
Casa en venta,10038327,0 m²,288.0m²,2152777,2,9 a 15 años,9,6,1,Villa dorado - san antonio - Bogotá,Carrera 107A # 70 - 60,619999776
Casa en venta,10066048,144 m²,144.0m²,2430555,2,1 a 8 años,4,3,1,Las mercedes - Bogotá,Carrera 108 # 66 - 12,349999920
Casa en venta,10063411,"85,75 m²",85.75m²,3731778,2,9 a 15 años,5,3,0,Villa dorado - san antonio - Bogotá,Preguntar al anunciante,319999963
Casa en venta,7981839,0 m²,42.0m²,4047619,2,9 a 15 años,2,1,0,Centro engativa - Bogotá,Preguntar al anunciante,169999998
Casa en venta,7662060,108 m²,108.0m²,2962962,2,16 a 30 años,3,2,1,Villa dorado - san antonio - Bogotá,Carrera 108 # 70 - 33,319999896
Apartamento en venta,10062131,0 m²,29.0m²,4134482,2,1 a 8 años,2,1,0,Villa claver et. ii - Bogotá,Transversal 123 # 63F - 26,119899978
Casa en venta,10065680,0 m²,306.0m²,3921568,3,1 a 8 años,5,4,0,El palmar - Bogotá,Calle 64 # 113F - 16,1199999808
Casa en venta,10047871,216 m²,236.0m²,1779661,2,Sin información,7,4,1,Santa teresita - Bogotá,Preguntar al anunciante,419999996
Casa en venta,7813148,160 m²,230.0m²,1521304,2,9 a 15 años,6,3,1,Bosques de mariana - Bogotá,Preguntar al anunciante,349899920
Apartamento en venta,7010496,58 m²,61.0m²,3770491,3,1 a 8 años,3,2,1,El danubio - Bogotá,Preguntar al anunciante,229999951
Casa en venta,10060437,0 m²,328.0m²,2073170,2,1 a 8 años,10,7,0,Villa dorado norte - Bogotá,Calle 64 # 107C - 32,679999760
Casa en venta,10061477,0 m²,315.0m²,2031746,2,16 a 30 años,8,2,3,Villa dorado norte - Bogotá,Carrera 110 # 64D - 24,639999990
Apartamento en venta,7497637,50 m²,54.0m²,2592592,2,1 a 8 años,3,2,0,Granjas del dorado - Bogotá,Preguntar al anunciante,139999968
Apartamento en venta,7847989,67 m²,67.0m²,3820895,3,9 a 15 años,3,2,1,Ub. la gran granada - Bogotá,Preguntar al anunciante,255999965
Apartamento en venta,10055705,0 m²,47.0m²,3787234,2,9 a 15 años,3,2,0,Granjas del dorado - Bogotá,Calle 67A # 113 - 60,177999998
Casa en venta,10069993,130 m²,130.0m²,2615384,2,16 a 30 años,5,3,1,Centro engativa - Bogotá,Carrera 110D # 71C - 24,339999920
Casa en venta,7173352,142 m²,142.0m²,3521126,3,más de 30 años,4,2,3,Ciudad quirigua - Bogotá,CRA 90 CALLE 90,499999892
Apartamento en venta,10039976,67 m²,67.0m²,3731343,3,9 a 15 años,3,2,1,Ub. la gran granada - Bogotá,Carrera 116 # 77 - 45,249999981
Apartamento en venta,10051946,0 m²,64.0m²,3750000,3,9 a 15 años,3,2,1,Centro engativa - Bogotá,Preguntar al anunciante,240000000
Apartamento en venta,10054971,0 m²,44.0m²,4318181,3,9 a 15 años,2,1,0,Granjas del dorado - Bogotá,Preguntar al anunciante,189999964
Casa en venta,7845195,350 m²,350.0m²,1228571,2,menor a 1 año,9,5,1,La riviera - Bogotá,Calle 69D No 113B-15,429999850
Casa en venta,7672607,36 m²,144.0m²,1736111,2,1 a 8 años,4,3,1,Marandu - Bogotá,Preguntar al anunciante,249999984
Apartamento en venta,7787814,48 m²,48.0m²,3500000,2,9 a 15 años,3,2,0,Granjas del dorado - Bogotá,calle 67a 113 60,168000000
Casa en venta,7844962,0 m²,142.0m²,3521126,3,más de 30 años,4,2,3,Ciudad quirigua - Bogotá,CRA 90 CL 90,499999892
Apartamento en venta,7800280,0 m²,60.0m²,4166666,4,1 a 8 años,3,2,1,Ub. la gran granada - Bogotá,KR 116B # 74A - 40,249999960
Apartamento en venta,10071945,57 m²,65.0m²,4000000,3,9 a 15 años,3,2,1,Centro engativa - Bogotá,Calle 72F # 113 - 21,260000000
Apartamento en venta,7697538,64 m²,64.0m²,3906250,3,9 a 15 años,3,2,1,Ub. la gran granada - Bogotá,Preguntar al anunciante,250000000
Casa en venta,7998291,300 m²,300.0m²,2000000,2,Sin información,10,6,0,Marandu - Bogotá,Preguntar al anunciante,600000000
Casa en venta,7998291,300 m²,300.0m²,2000000,2,Sin información,10,6,0,Marandu - Bogotá,Preguntar al anunciante,600000000
Apartamento en venta,10042707,0 m²,56.29m²,3375377,3,16 a 30 años,2,2,0,Ub. la gran granada - Bogotá,Avenida Carrera 114 # 76 - 5,189999971
